{
  "accuracy": [
    0.04605263099074364
  ],
  "loss": [
    3.7999730110168457
  ],
  "val_accuracy": [
    0.01315789483487606
  ],
  "val_loss": [
    3.6542322635650635
  ]
}